Vorname,Nachname,Adresse,PLZ,Stadt,Telefonnummer
Mia,Wagner,Schulstrasse 64,3100,St. Poelten,+43 659 6383482
Laura,Fischer,Bergstrasse 78,9500,Villach,+43 660 5016509
Paul,Fischer,Bergstrasse 86,6020,Innsbruck,+43 661 6923102
Emma,Weber,Gartenstrasse 52,8010,Graz,+43 656 8322143
Felix,Becker,Schulstrasse 48,6020,Innsbruck,+43 660 3366313
Paul,Schmidt,Dorfstrasse 185,8010,Graz,+43 663 4176313
Jonas,Schmidt,Schulstrasse 172,4020,Linz,+43 662 3583547
Felix,Wagner,Hauptstrasse 80,9020,Klagenfurt,+43 652 4684627
Max,Meyer,Ringstrasse 61,9500,Villach,+43 654 1140605
Max,Mueller,Lindenstrasse 139,6020,Innsbruck,+43 651 4912023
Jonas,Schulz,Hauptstrasse 56,8010,Graz,+43 661 1184550
Jonas,Wagner,Hauptstrasse 68,5020,Salzburg,+43 650 8200022
Max,Schmidt,Bahnhofstrasse 36,8010,Graz,+43 656 3092727
Jonas,Meyer,Ringstrasse 70,5020,Salzburg,+43 661 7569685
Anna,Fischer,Bahnhofstrasse 53,6850,Dornbirn,+43 658 6992237
Anna,Mueller,Hauptstrasse 97,9020,Klagenfurt,+43 658 3821211
Paul,Hoffmann,Dorfstrasse 65,9020,Klagenfurt,+43 661 9676871
Felix,Wagner,Bergstrasse 138,4600,Wels,+43 668 6913048
Lukas,Weber,Hauptstrasse 193,3100,St. Poelten,+43 664 7174914
Paul,Meyer,Ringstrasse 11,4600,Wels,+43 663 4032800
Laura,Meyer,Lindenstrasse 182,3100,St. Poelten,+43 665 9875000
Felix,Fischer,Dorfstrasse 82,9500,Villach,+43 665 1136397
Laura,Hoffmann,Bergstrasse 63,6850,Dornbirn,+43 651 8182145
Anna,Fischer,Lindenstrasse 112,6020,Innsbruck,+43 669 8901887
Laura,Schulz,Lindenstrasse 71,4600,Wels,+43 660 6013769
Paul,Fischer,Lindenstrasse 128,5020,Salzburg,+43 650 1363481
Paul,Wagner,Ringstrasse 83,4020,Linz,+43 661 3369047
Max,Hoffmann,Lindenstrasse 45,5020,Salzburg,+43 666 7707915
Sophia,Becker,Schulstrasse 121,4020,Linz,+43 661 3932962
Emma,Meyer,Bergstrasse 131,3100,St. Poelten,+43 660 8160135
Sophia,Hoffmann,Bergstrasse 186,3100,St. Poelten,+43 669 3526360
Max,Wagner,Gartenstrasse 41,5020,Salzburg,+43 664 4906700
Mia,Fischer,Hauptstrasse 125,4020,Linz,+43 654 9343920
Max,Fischer,Bahnhofstrasse 76,9500,Villach,+43 653 1550494
Max,Schulz,Hauptstrasse 135,1010,Wien,+43 654 8772455
Sophia,Becker,Hauptstrasse 95,9500,Villach,+43 664 9043831
Felix,Mueller,Lindenstrasse 14,4020,Linz,+43 653 8203397
Jonas,Becker,Bergstrasse 128,8010,Graz,+43 666 5476012
Lukas,Schmidt,Bergstrasse 109,4020,Linz,+43 650 4384895
Sophia,Meyer,Ringstrasse 177,6850,Dornbirn,+43 665 4283377
Sophia,Schmidt,Gartenstrasse 59,4020,Linz,+43 665 8024772
Max,Becker,Ringstrasse 13,5020,Salzburg,+43 668 8848715
Sophia,Meyer,Dorfstrasse 133,4600,Wels,+43 651 1808987
Max,Mueller,Hauptstrasse 122,1010,Wien,+43 668 2690019
Lukas,Becker,Dorfstrasse 51,8010,Graz,+43 661 7980660
Max,Schmidt,Bergstrasse 135,6850,Dornbirn,+43 654 6380483
Anna,Schneider,Schulstrasse 176,9020,Klagenfurt,+43 665 6441395
Emma,Hoffmann,Schulstrasse 95,1010,Wien,+43 658 2885914
Laura,Wagner,Dorfstrasse 182,6020,Innsbruck,+43 651 7489888
Emma,Hoffmann,Dorfstrasse 87,6850,Dornbirn,+43 664 5257894
Emma,Hoffmann,Dorfstrasse 128,9500,Villach,+43 665 6175394
Mia,Becker,Bergstrasse 183,1010,Wien,+43 655 9728040
Sophia,Schmidt,Ringstrasse 68,6020,Innsbruck,+43 657 8567350
Paul,Becker,Bergstrasse 168,5020,Salzburg,+43 654 1650669
Anna,Hoffmann,Schulstrasse 59,1010,Wien,+43 658 5432991
Sophia,Fischer,Bergstrasse 109,3100,St. Poelten,+43 665 8290830
Mia,Becker,Ringstrasse 109,6020,Innsbruck,+43 656 5533486
Felix,Hoffmann,Lindenstrasse 66,4600,Wels,+43 662 3790822
Lukas,Wagner,Gartenstrasse 28,6020,Innsbruck,+43 653 1833511
Mia,Becker,Lindenstrasse 198,9020,Klagenfurt,+43 653 2536555
Felix,Schmidt,Gartenstrasse 160,6020,Innsbruck,+43 669 8982970
Sophia,Meyer,Ringstrasse 155,4600,Wels,+43 655 4645158
Lukas,Wagner,Ringstrasse 181,8010,Graz,+43 662 7782577
Paul,Mueller,Lindenstrasse 134,9020,Klagenfurt,+43 656 3127278
Sophia,Schmidt,Dorfstrasse 71,9020,Klagenfurt,+43 665 7817661
Mia,Schneider,Bergstrasse 124,9500,Villach,+43 663 9879842
Emma,Schneider,Hauptstrasse 111,6020,Innsbruck,+43 669 3738682
Lukas,Wagner,Bergstrasse 33,4600,Wels,+43 654 4902440
Emma,Hoffmann,Dorfstrasse 34,8010,Graz,+43 650 2197976
Sophia,Weber,Bahnhofstrasse 147,1010,Wien,+43 662 7537127
Mia,Fischer,Lindenstrasse 17,4020,Linz,+43 652 6598385
Mia,Becker,Ringstrasse 118,9020,Klagenfurt,+43 664 1433346
Felix,Fischer,Schulstrasse 147,1010,Wien,+43 665 9358337
Felix,Becker,Bergstrasse 39,6850,Dornbirn,+43 668 4976345
Max,Schmidt,Bergstrasse 47,6020,Innsbruck,+43 654 7071721
Anna,Mueller,Schulstrasse 54,8010,Graz,+43 666 4581652
Emma,Schulz,Dorfstrasse 151,1010,Wien,+43 653 2827919
Jonas,Wagner,Gartenstrasse 57,4600,Wels,+43 650 2190338
Max,Becker,Dorfstrasse 151,9500,Villach,+43 667 3383613
Emma,Hoffmann,Dorfstrasse 100,9500,Villach,+43 658 2274569
Sophia,Fischer,Ringstrasse 98,4020,Linz,+43 657 6809021
Paul,Schneider,Lindenstrasse 126,5020,Salzburg,+43 655 6410931
Felix,Hoffmann,Bahnhofstrasse 30,4020,Linz,+43 664 4125572
Max,Becker,Ringstrasse 200,9500,Villach,+43 667 7892325
Laura,Wagner,Hauptstrasse 187,9020,Klagenfurt,+43 658 9929826
Laura,Mueller,Gartenstrasse 121,1010,Wien,+43 652 2294202
Mia,Weber,Hauptstrasse 72,9020,Klagenfurt,+43 652 9189065
Max,Meyer,Bergstrasse 132,5020,Salzburg,+43 666 2847228
Paul,Schmidt,Dorfstrasse 174,9020,Klagenfurt,+43 651 1326731
Sophia,Schulz,Schulstrasse 128,6850,Dornbirn,+43 654 6983240
Felix,Becker,Hauptstrasse 52,6020,Innsbruck,+43 655 8845156
Laura,Weber,Ringstrasse 17,9500,Villach,+43 654 9988874
Emma,Schneider,Dorfstrasse 195,6020,Innsbruck,+43 655 6695350
Max,Schulz,Lindenstrasse 33,3100,St. Poelten,+43 665 9656503
Anna,Meyer,Ringstrasse 187,6850,Dornbirn,+43 659 2453590
Lukas,Schulz,Hauptstrasse 5,4020,Linz,+43 652 4134618
Laura,Becker,Bergstrasse 147,3100,St. Poelten,+43 665 4057002
Jonas,Wagner,Bergstrasse 87,5020,Salzburg,+43 659 7735483
Laura,Schmidt,Ringstrasse 39,4020,Linz,+43 651 1982033
Laura,Weber,Dorfstrasse 82,8010,Graz,+43 658 6811200
Sophia,Becker,Lindenstrasse 183,6020,Innsbruck,+43 655 8778774
Max,Schneider,Hauptstrasse 23,8010,Graz,+43 652 6542585
Laura,Fischer,Dorfstrasse 79,8010,Graz,+43 653 5680474
Max,Schneider,Schulstrasse 170,1010,Wien,+43 667 5793631
Sophia,Schmidt,Hauptstrasse 149,8010,Graz,+43 662 8357205
Max,Fischer,Bahnhofstrasse 170,6020,Innsbruck,+43 659 2132202
Emma,Hoffmann,Gartenstrasse 72,3100,St. Poelten,+43 654 9633121
Max,Schulz,Schulstrasse 122,3100,St. Poelten,+43 660 7206408
Max,Hoffmann,Dorfstrasse 45,8010,Graz,+43 656 3151507
Sophia,Becker,Hauptstrasse 36,4020,Linz,+43 650 9251799
Anna,Mueller,Lindenstrasse 98,1010,Wien,+43 655 9417896
Jonas,Wagner,Hauptstrasse 175,1010,Wien,+43 667 3925047
Lukas,Hoffmann,Hauptstrasse 176,6020,Innsbruck,+43 650 8562156
Sophia,Hoffmann,Lindenstrasse 20,4600,Wels,+43 663 8766960
Mia,Wagner,Schulstrasse 56,4600,Wels,+43 653 7545886
Emma,Wagner,Lindenstrasse 192,4600,Wels,+43 668 3196560
Sophia,Hoffmann,Gartenstrasse 184,4600,Wels,+43 669 9981576
Sophia,Schneider,Ringstrasse 186,3100,St. Poelten,+43 660 5472826
Mia,Becker,Hauptstrasse 87,8010,Graz,+43 666 1949611
Anna,Schneider,Gartenstrasse 78,3100,St. Poelten,+43 655 5029460
Paul,Wagner,Gartenstrasse 84,6020,Innsbruck,+43 659 8526602
Jonas,Schneider,Hauptstrasse 152,9500,Villach,+43 662 6100416
Max,Mueller,Ringstrasse 52,4600,Wels,+43 662 8109282
Sophia,Hoffmann,Schulstrasse 72,3100,St. Poelten,+43 652 5407490
Emma,Schmidt,Dorfstrasse 152,9500,Villach,+43 655 1534264
Laura,Meyer,Gartenstrasse 116,3100,St. Poelten,+43 669 2584062
Emma,Fischer,Gartenstrasse 183,1010,Wien,+43 668 7422371
Jonas,Schmidt,Schulstrasse 83,8010,Graz,+43 658 9630392
Jonas,Mueller,Bahnhofstrasse 169,8010,Graz,+43 655 9974744
Anna,Wagner,Bergstrasse 115,8010,Graz,+43 652 9204848
Sophia,Schmidt,Ringstrasse 34,6020,Innsbruck,+43 657 8785898
Sophia,Schneider,Lindenstrasse 22,6020,Innsbruck,+43 667 3794916
Mia,Schulz,Gartenstrasse 118,3100,St. Poelten,+43 651 9642340
Lukas,Becker,Hauptstrasse 114,4020,Linz,+43 666 6294596
Laura,Meyer,Ringstrasse 177,6850,Dornbirn,+43 669 8567192
Emma,Schneider,Schulstrasse 172,9500,Villach,+43 662 9021997
Sophia,Schmidt,Ringstrasse 18,3100,St. Poelten,+43 651 6410330
Sophia,Schulz,Dorfstrasse 145,8010,Graz,+43 660 3448324
Max,Meyer,Hauptstrasse 116,9020,Klagenfurt,+43 667 5113701
Jonas,Fischer,Gartenstrasse 194,9500,Villach,+43 656 2566796
Sophia,Mueller,Dorfstrasse 162,9500,Villach,+43 658 3837778
Laura,Hoffmann,Lindenstrasse 90,9020,Klagenfurt,+43 653 8175078
Mia,Hoffmann,Bergstrasse 60,6850,Dornbirn,+43 657 6643538
Paul,Schneider,Ringstrasse 25,6020,Innsbruck,+43 669 8921435
Lukas,Hoffmann,Lindenstrasse 43,9020,Klagenfurt,+43 650 6067410
Lukas,Weber,Bergstrasse 77,9020,Klagenfurt,+43 653 9496425
Mia,Weber,Bahnhofstrasse 28,9500,Villach,+43 650 1976520
Jonas,Schneider,Gartenstrasse 143,9500,Villach,+43 655 6034831
Lukas,Becker,Schulstrasse 15,3100,St. Poelten,+43 658 3777379
Jonas,Hoffmann,Bergstrasse 106,4020,Linz,+43 661 2588422
Laura,Wagner,Gartenstrasse 188,4600,Wels,+43 666 8065453
Emma,Weber,Hauptstrasse 29,6850,Dornbirn,+43 662 4527391
Sophia,Becker,Schulstrasse 197,6850,Dornbirn,+43 664 3933857
Max,Schneider,Ringstrasse 32,3100,St. Poelten,+43 664 8876443
Lukas,Schmidt,Ringstrasse 190,9020,Klagenfurt,+43 655 3263981
Paul,Wagner,Gartenstrasse 51,3100,St. Poelten,+43 661 5396648
Felix,Meyer,Gartenstrasse 28,9500,Villach,+43 652 4921296
Felix,Schneider,Dorfstrasse 123,4600,Wels,+43 661 3833566
Sophia,Schmidt,Dorfstrasse 173,1010,Wien,+43 667 4576513
Max,Weber,Schulstrasse 174,5020,Salzburg,+43 660 8388872
Laura,Mueller,Schulstrasse 56,4600,Wels,+43 658 7168457
Anna,Schulz,Gartenstrasse 63,8010,Graz,+43 650 8867525
Jonas,Schmidt,Schulstrasse 41,9020,Klagenfurt,+43 655 9477316
Sophia,Meyer,Schulstrasse 102,4600,Wels,+43 655 3493052
Mia,Hoffmann,Gartenstrasse 156,4020,Linz,+43 660 8051546
Sophia,Schmidt,Hauptstrasse 47,9500,Villach,+43 657 5744353
Anna,Schulz,Lindenstrasse 14,3100,St. Poelten,+43 656 2605641
Max,Wagner,Hauptstrasse 171,4600,Wels,+43 661 8503868
Laura,Schneider,Gartenstrasse 139,8010,Graz,+43 654 6780367
Max,Schneider,Gartenstrasse 169,3100,St. Poelten,+43 650 3872182
Laura,Hoffmann,Gartenstrasse 153,5020,Salzburg,+43 664 8224542
Lukas,Hoffmann,Gartenstrasse 80,9020,Klagenfurt,+43 655 5998422
Mia,Wagner,Bergstrasse 84,3100,St. Poelten,+43 664 8449184
Laura,Becker,Ringstrasse 176,8010,Graz,+43 653 5102831
Lukas,Schneider,Bergstrasse 24,5020,Salzburg,+43 660 2187395
Laura,Becker,Ringstrasse 77,8010,Graz,+43 663 8515963
Emma,Mueller,Hauptstrasse 66,9020,Klagenfurt,+43 658 2907851
Emma,Schneider,Dorfstrasse 117,3100,St. Poelten,+43 654 4765283
Lukas,Wagner,Hauptstrasse 143,8010,Graz,+43 654 7279115
Emma,Fischer,Ringstrasse 72,4600,Wels,+43 651 9731950
Anna,Hoffmann,Bergstrasse 39,9020,Klagenfurt,+43 664 6039259
Jonas,Weber,Bahnhofstrasse 46,6020,Innsbruck,+43 663 2226657
Anna,Wagner,Bergstrasse 112,5020,Salzburg,+43 651 6839084
Paul,Mueller,Schulstrasse 73,1010,Wien,+43 663 2001437
Jonas,Hoffmann,Gartenstrasse 96,4020,Linz,+43 663 2947919
Lukas,Weber,Bergstrasse 167,4600,Wels,+43 669 8060519
Laura,Hoffmann,Lindenstrasse 162,9500,Villach,+43 665 6944834
Laura,Hoffmann,Hauptstrasse 135,1010,Wien,+43 661 5016640
Sophia,Weber,Lindenstrasse 38,9020,Klagenfurt,+43 669 7695659
Sophia,Fischer,Dorfstrasse 134,4020,Linz,+43 658 9271531
Jonas,Fischer,Gartenstrasse 38,9500,Villach,+43 663 5730761
Jonas,Meyer,Schulstrasse 51,5020,Salzburg,+43 654 1667284
Felix,Wagner,Ringstrasse 88,4020,Linz,+43 661 6400341
Lukas,Schneider,Ringstrasse 81,8010,Graz,+43 652 1055468
Lukas,Meyer,Gartenstrasse 85,4600,Wels,+43 652 1873865
Mia,Hoffmann,Bahnhofstrasse 69,5020,Salzburg,+43 660 5446783
Paul,Hoffmann,Gartenstrasse 146,4600,Wels,+43 665 8716425
Sophia,Meyer,Hauptstrasse 103,6020,Innsbruck,+43 661 5177208
Mia,Weber,Gartenstrasse 44,1010,Wien,+43 659 6261143
Lukas,Hoffmann,Ringstrasse 117,4020,Linz,+43 652 5977991
Anna,Schneider,Bergstrasse 118,1010,Wien,+43 656 5677135
Max,Wagner,Schulstrasse 16,1010,Wien,+43 664 9947068
Jonas,Meyer,Hauptstrasse 96,9500,Villach,+43 660 7357606
Mia,Schulz,Bahnhofstrasse 122,4020,Linz,+43 658 2106927
Felix,Schneider,Bergstrasse 3,3100,St. Poelten,+43 665 9411225
Felix,Schneider,Bergstrasse 55,9500,Villach,+43 650 3175682
Emma,Schulz,Ringstrasse 51,1010,Wien,+43 653 4773338
Mia,Weber,Ringstrasse 25,8010,Graz,+43 665 1499989
Mia,Schmidt,Dorfstrasse 126,6020,Innsbruck,+43 668 1547072
Anna,Fischer,Bahnhofstrasse 8,4600,Wels,+43 662 8742889
Sophia,Becker,Ringstrasse 175,9500,Villach,+43 662 2091985
Sophia,Becker,Gartenstrasse 79,6020,Innsbruck,+43 659 7813736
Lukas,Hoffmann,Lindenstrasse 114,6850,Dornbirn,+43 655 5584252
Lukas,Wagner,Ringstrasse 192,1010,Wien,+43 657 8943566
Emma,Fischer,Bergstrasse 79,4600,Wels,+43 660 1782487
Paul,Schulz,Ringstrasse 107,9020,Klagenfurt,+43 652 1588947
Sophia,Fischer,Ringstrasse 24,9020,Klagenfurt,+43 661 6518523
Sophia,Fischer,Schulstrasse 112,4600,Wels,+43 652 2622156
Mia,Becker,Ringstrasse 113,5020,Salzburg,+43 661 4524675
Max,Fischer,Gartenstrasse 157,6020,Innsbruck,+43 650 8652104
Jonas,Becker,Ringstrasse 138,4020,Linz,+43 664 9637482
Felix,Becker,Hauptstrasse 62,8010,Graz,+43 668 4143149
Laura,Schneider,Dorfstrasse 120,9500,Villach,+43 667 7678494
Anna,Wagner,Lindenstrasse 7,8010,Graz,+43 656 2514657
Anna,Mueller,Gartenstrasse 28,1010,Wien,+43 665 2194509
Max,Mueller,Lindenstrasse 145,1010,Wien,+43 653 8877527
Laura,Becker,Schulstrasse 169,1010,Wien,+43 659 1438853
Felix,Weber,Hauptstrasse 186,5020,Salzburg,+43 659 5070010
Felix,Schmidt,Gartenstrasse 184,3100,St. Poelten,+43 669 5612047
Sophia,Fischer,Ringstrasse 24,6020,Innsbruck,+43 667 4647541
Mia,Becker,Bergstrasse 124,4020,Linz,+43 652 8173342
Emma,Schulz,Ringstrasse 181,4020,Linz,+43 653 5746841
Paul,Weber,Bergstrasse 117,5020,Salzburg,+43 664 1122165
Jonas,Schneider,Bahnhofstrasse 42,4020,Linz,+43 668 7209206
Felix,Becker,Lindenstrasse 33,4600,Wels,+43 661 3147486
Sophia,Meyer,Bahnhofstrasse 73,9020,Klagenfurt,+43 665 9467984
Lukas,Fischer,Gartenstrasse 18,4600,Wels,+43 658 7682969
Sophia,Fischer,Bergstrasse 116,4600,Wels,+43 661 3586941
Laura,Schneider,Schulstrasse 152,3100,St. Poelten,+43 651 4014547
Max,Wagner,Gartenstrasse 78,8010,Graz,+43 664 4784814
Lukas,Becker,Bahnhofstrasse 33,9020,Klagenfurt,+43 663 9424290
Paul,Mueller,Bahnhofstrasse 18,9500,Villach,+43 663 1654945
Felix,Schulz,Dorfstrasse 131,9500,Villach,+43 661 8514140
Emma,Schneider,Schulstrasse 132,3100,St. Poelten,+43 656 8732963
Jonas,Fischer,Ringstrasse 130,9020,Klagenfurt,+43 662 7889630
Max,Schneider,Bahnhofstrasse 9,4600,Wels,+43 665 5946169
Laura,Mueller,Dorfstrasse 107,4020,Linz,+43 669 7769671
Emma,Fischer,Lindenstrasse 187,1010,Wien,+43 655 3499088
Paul,Wagner,Hauptstrasse 172,1010,Wien,+43 664 6585059
Laura,Schulz,Bergstrasse 53,6020,Innsbruck,+43 650 6687019
Laura,Hoffmann,Schulstrasse 108,4600,Wels,+43 653 3360972
Anna,Fischer,Bergstrasse 75,6020,Innsbruck,+43 662 7300797
Laura,Schulz,Gartenstrasse 66,8010,Graz,+43 666 1477154
Jonas,Becker,Ringstrasse 5,9020,Klagenfurt,+43 658 6267712
Anna,Weber,Gartenstrasse 82,3100,St. Poelten,+43 650 9548025
Laura,Hoffmann,Schulstrasse 109,1010,Wien,+43 659 3893319
Sophia,Fischer,Gartenstrasse 19,1010,Wien,+43 659 5629336
Lukas,Hoffmann,Bergstrasse 41,3100,St. Poelten,+43 656 5384583
Mia,Becker,Schulstrasse 73,9020,Klagenfurt,+43 661 2058774
Sophia,Schneider,Bahnhofstrasse 46,4600,Wels,+43 666 1406319
Paul,Mueller,Schulstrasse 10,6850,Dornbirn,+43 663 6746482
Anna,Becker,Schulstrasse 106,5020,Salzburg,+43 656 8581931
Jonas,Schneider,Bahnhofstrasse 82,4020,Linz,+43 650 2099262
Paul,Mueller,Bergstrasse 161,9020,Klagenfurt,+43 667 1232075
Sophia,Schneider,Lindenstrasse 105,5020,Salzburg,+43 654 3570415
Felix,Weber,Bergstrasse 123,5020,Salzburg,+43 652 1050050
Emma,Meyer,Gartenstrasse 191,6850,Dornbirn,+43 664 5487799
Lukas,Wagner,Lindenstrasse 67,9500,Villach,+43 656 6580275
Laura,Fischer,Gartenstrasse 198,4600,Wels,+43 651 8586062
Lukas,Weber,Schulstrasse 167,9500,Villach,+43 663 8666859
Felix,Schulz,Ringstrasse 153,8010,Graz,+43 669 7217664
Max,Mueller,Hauptstrasse 132,4020,Linz,+43 656 1819474
Felix,Mueller,Hauptstrasse 31,9500,Villach,+43 664 9224790
Emma,Hoffmann,Schulstrasse 147,6020,Innsbruck,+43 655 1514324
Paul,Fischer,Bahnhofstrasse 169,5020,Salzburg,+43 658 1046746
Lukas,Meyer,Lindenstrasse 102,9020,Klagenfurt,+43 662 4180294
Jonas,Becker,Dorfstrasse 51,5020,Salzburg,+43 661 5231558
Paul,Wagner,Dorfstrasse 126,6020,Innsbruck,+43 653 4177879
Laura,Mueller,Dorfstrasse 154,9020,Klagenfurt,+43 662 6505546
Anna,Wagner,Bergstrasse 77,9020,Klagenfurt,+43 660 2711514
Sophia,Becker,Hauptstrasse 137,1010,Wien,+43 662 3748998
Mia,Meyer,Bahnhofstrasse 6,9020,Klagenfurt,+43 664 4187931
Felix,Becker,Dorfstrasse 154,1010,Wien,+43 653 4406829
Emma,Schulz,Schulstrasse 159,3100,St. Poelten,+43 665 4301779
Jonas,Becker,Lindenstrasse 91,8010,Graz,+43 652 6020946
Jonas,Schneider,Bahnhofstrasse 77,9500,Villach,+43 654 1353302
Felix,Fischer,Bahnhofstrasse 57,9020,Klagenfurt,+43 658 9540667
Lukas,Fischer,Lindenstrasse 69,6850,Dornbirn,+43 665 1866734
Jonas,Meyer,Ringstrasse 168,5020,Salzburg,+43 665 2722247
Felix,Meyer,Hauptstrasse 24,9500,Villach,+43 652 3431054
Felix,Meyer,Gartenstrasse 181,8010,Graz,+43 667 1084750
Sophia,Hoffmann,Ringstrasse 191,8010,Graz,+43 660 9732115
Max,Weber,Dorfstrasse 113,6020,Innsbruck,+43 651 5312315
Lukas,Schneider,Hauptstrasse 157,3100,St. Poelten,+43 658 2821128
Lukas,Wagner,Lindenstrasse 142,8010,Graz,+43 660 9134115
Paul,Schulz,Dorfstrasse 104,9020,Klagenfurt,+43 653 7318854
Max,Schulz,Ringstrasse 168,1010,Wien,+43 666 7100564
Felix,Schulz,Schulstrasse 82,6850,Dornbirn,+43 664 9753989
Emma,Schmidt,Schulstrasse 136,9500,Villach,+43 658 2067259
Jonas,Weber,Ringstrasse 132,4600,Wels,+43 652 5397005
Anna,Wagner,Bahnhofstrasse 102,5020,Salzburg,+43 666 4552380
Sophia,Becker,Hauptstrasse 136,3100,St. Poelten,+43 654 5296875
Felix,Schmidt,Hauptstrasse 163,6020,Innsbruck,+43 650 4158730
Felix,Schmidt,Hauptstrasse 6,4020,Linz,+43 664 2329070
Emma,Wagner,Bergstrasse 74,1010,Wien,+43 655 1156367
Felix,Schneider,Hauptstrasse 15,9020,Klagenfurt,+43 661 8772142
Emma,Weber,Ringstrasse 172,6020,Innsbruck,+43 666 6122860
Jonas,Hoffmann,Dorfstrasse 187,9500,Villach,+43 650 4221170
Mia,Schneider,Ringstrasse 37,8010,Graz,+43 669 5415961
Max,Schmidt,Bergstrasse 34,9020,Klagenfurt,+43 657 6860659
Lukas,Becker,Bergstrasse 127,1010,Wien,+43 652 4906564
Felix,Wagner,Bahnhofstrasse 1,4020,Linz,+43 654 1201586
Emma,Meyer,Gartenstrasse 159,6850,Dornbirn,+43 651 7169430
Felix,Becker,Schulstrasse 117,6020,Innsbruck,+43 652 3851484
Mia,Fischer,Bahnhofstrasse 149,1010,Wien,+43 664 7527584
Sophia,Fischer,Ringstrasse 57,9020,Klagenfurt,+43 661 5486494
Emma,Schmidt,Hauptstrasse 70,6020,Innsbruck,+43 668 4237393
Felix,Schmidt,Bergstrasse 140,5020,Salzburg,+43 651 1339383
Max,Fischer,Bergstrasse 1,8010,Graz,+43 652 4191584
Jonas,Schneider,Gartenstrasse 145,9500,Villach,+43 650 9200589
Felix,Meyer,Hauptstrasse 154,4020,Linz,+43 657 1109033
Sophia,Wagner,Bahnhofstrasse 51,6020,Innsbruck,+43 656 6262977
Felix,Weber,Ringstrasse 164,6850,Dornbirn,+43 661 9691626
Paul,Weber,Hauptstrasse 111,1010,Wien,+43 660 6599175
Anna,Schmidt,Gartenstrasse 164,9020,Klagenfurt,+43 656 2142734
Paul,Schneider,Lindenstrasse 123,5020,Salzburg,+43 662 7657650
Anna,Becker,Hauptstrasse 94,8010,Graz,+43 650 5112594
Lukas,Schneider,Bergstrasse 61,4020,Linz,+43 660 7021536
Jonas,Schulz,Bahnhofstrasse 154,5020,Salzburg,+43 658 3177744
Lukas,Wagner,Schulstrasse 141,6020,Innsbruck,+43 664 8694552
Emma,Fischer,Bergstrasse 136,9500,Villach,+43 661 5605892
Felix,Schmidt,Dorfstrasse 64,9500,Villach,+43 653 4866804
Paul,Schulz,Gartenstrasse 188,5020,Salzburg,+43 665 7104593
Felix,Becker,Bahnhofstrasse 98,8010,Graz,+43 668 5631289
Lukas,Meyer,Hauptstrasse 31,4020,Linz,+43 656 4883732
Laura,Schneider,Bergstrasse 78,4600,Wels,+43 666 3400463
Mia,Mueller,Bergstrasse 142,8010,Graz,+43 651 9222605
Paul,Hoffmann,Gartenstrasse 147,3100,St. Poelten,+43 662 5471572
Laura,Schulz,Hauptstrasse 32,6850,Dornbirn,+43 655 1443084
Jonas,Schmidt,Gartenstrasse 184,5020,Salzburg,+43 655 6759999
Felix,Schneider,Ringstrasse 160,4600,Wels,+43 665 7247282
Lukas,Mueller,Gartenstrasse 175,5020,Salzburg,+43 656 2769992
Emma,Hoffmann,Hauptstrasse 38,9500,Villach,+43 666 7856135
Laura,Fischer,Hauptstrasse 80,8010,Graz,+43 663 2127823
Laura,Meyer,Hauptstrasse 91,6850,Dornbirn,+43 655 2590352
Anna,Mueller,Bergstrasse 122,4600,Wels,+43 651 7817116
Paul,Wagner,Ringstrasse 170,4600,Wels,+43 652 5197639
Sophia,Schneider,Ringstrasse 63,4600,Wels,+43 654 1314038
Mia,Becker,Bahnhofstrasse 60,5020,Salzburg,+43 661 3850090
Lukas,Schmidt,Lindenstrasse 59,5020,Salzburg,+43 659 2404232
Lukas,Schneider,Ringstrasse 53,8010,Graz,+43 664 4404059
Paul,Fischer,Lindenstrasse 163,9020,Klagenfurt,+43 658 5790934
Sophia,Becker,Hauptstrasse 144,3100,St. Poelten,+43 653 6555666
Emma,Meyer,Gartenstrasse 56,4020,Linz,+43 660 5399795
Sophia,Fischer,Ringstrasse 80,4020,Linz,+43 655 5807269
Mia,Mueller,Lindenstrasse 61,1010,Wien,+43 658 1400872
Felix,Fischer,Dorfstrasse 5,4020,Linz,+43 651 2955587
Felix,Schulz,Gartenstrasse 141,4020,Linz,+43 654 6829708
Jonas,Mueller,Dorfstrasse 185,5020,Salzburg,+43 662 1088183
Lukas,Mueller,Dorfstrasse 5,9500,Villach,+43 655 8028666
Laura,Weber,Lindenstrasse 171,6020,Innsbruck,+43 665 5373433
Paul,Schulz,Hauptstrasse 117,4600,Wels,+43 655 3187936
Max,Meyer,Ringstrasse 71,8010,Graz,+43 656 5979593
Emma,Schneider,Lindenstrasse 9,4600,Wels,+43 655 5145748
Mia,Hoffmann,Bergstrasse 5,5020,Salzburg,+43 655 2147135
Lukas,Meyer,Lindenstrasse 16,9500,Villach,+43 656 5917128
Emma,Weber,Schulstrasse 37,6850,Dornbirn,+43 654 7412118
Lukas,Wagner,Lindenstrasse 11,9020,Klagenfurt,+43 659 7368355
Mia,Schulz,Bergstrasse 82,3100,St. Poelten,+43 662 7919446
Paul,Mueller,Hauptstrasse 64,9020,Klagenfurt,+43 667 7341112
Emma,Wagner,Dorfstrasse 151,8010,Graz,+43 657 6020638
Max,Meyer,Bergstrasse 124,4600,Wels,+43 663 7944044
Paul,Weber,Bahnhofstrasse 13,6020,Innsbruck,+43 652 4077274
Paul,Weber,Schulstrasse 109,6020,Innsbruck,+43 661 5098916
Paul,Hoffmann,Hauptstrasse 68,3100,St. Poelten,+43 660 4597711
Max,Wagner,Bahnhofstrasse 57,8010,Graz,+43 666 8961582
Felix,Hoffmann,Bahnhofstrasse 13,1010,Wien,+43 654 5572454
Emma,Schneider,Ringstrasse 164,3100,St. Poelten,+43 654 6639520
Sophia,Fischer,Bergstrasse 7,8010,Graz,+43 659 2764089
Lukas,Schmidt,Lindenstrasse 68,3100,St. Poelten,+43 662 4500578
Lukas,Becker,Dorfstrasse 76,9020,Klagenfurt,+43 653 7364178
Sophia,Schulz,Gartenstrasse 172,3100,St. Poelten,+43 650 6973454
Max,Schmidt,Dorfstrasse 48,6850,Dornbirn,+43 657 3051613
Laura,Schneider,Schulstrasse 78,8010,Graz,+43 660 6423664
Felix,Wagner,Ringstrasse 92,4600,Wels,+43 663 7402327
Emma,Schmidt,Bahnhofstrasse 128,4600,Wels,+43 664 3747488
Anna,Becker,Ringstrasse 99,4020,Linz,+43 650 5033560
Mia,Fischer,Lindenstrasse 75,8010,Graz,+43 665 1586933
Jonas,Meyer,Schulstrasse 38,6020,Innsbruck,+43 653 5068514
Sophia,Fischer,Bergstrasse 83,1010,Wien,+43 659 1265498
Sophia,Fischer,Ringstrasse 186,9500,Villach,+43 651 9440438
Jonas,Mueller,Bahnhofstrasse 124,9020,Klagenfurt,+43 661 5439965
Paul,Wagner,Hauptstrasse 163,9020,Klagenfurt,+43 662 2454583
Anna,Mueller,Schulstrasse 148,1010,Wien,+43 658 5348482
Felix,Meyer,Gartenstrasse 70,8010,Graz,+43 656 7029240
Laura,Wagner,Hauptstrasse 89,6850,Dornbirn,+43 663 9735035
Lukas,Schneider,Lindenstrasse 157,8010,Graz,+43 657 1655031
Emma,Fischer,Schulstrasse 126,9500,Villach,+43 667 9168247
Laura,Mueller,Bahnhofstrasse 54,8010,Graz,+43 669 5499892
Mia,Mueller,Bahnhofstrasse 17,5020,Salzburg,+43 654 6996114
Paul,Becker,Hauptstrasse 166,5020,Salzburg,+43 665 6586737
Laura,Hoffmann,Gartenstrasse 78,9500,Villach,+43 663 9666946
Jonas,Schneider,Dorfstrasse 118,6850,Dornbirn,+43 663 3634970
Mia,Meyer,Bergstrasse 188,5020,Salzburg,+43 661 9382717
Sophia,Becker,Hauptstrasse 121,9020,Klagenfurt,+43 663 9199547
Emma,Meyer,Hauptstrasse 195,9500,Villach,+43 654 9027567
Sophia,Fischer,Gartenstrasse 119,4020,Linz,+43 653 5749408
Mia,Hoffmann,Hauptstrasse 123,6850,Dornbirn,+43 663 6532311
Lukas,Weber,Hauptstrasse 166,8010,Graz,+43 662 4344372
Felix,Schneider,Lindenstrasse 126,9500,Villach,+43 658 4038470
Mia,Hoffmann,Lindenstrasse 125,8010,Graz,+43 650 9145600
Sophia,Schneider,Schulstrasse 115,8010,Graz,+43 664 8481032
Anna,Wagner,Ringstrasse 168,3100,St. Poelten,+43 653 6451562
Anna,Schulz,Bergstrasse 33,6850,Dornbirn,+43 669 9904618
Mia,Hoffmann,Schulstrasse 93,4020,Linz,+43 664 2712235
Felix,Schulz,Ringstrasse 2,9020,Klagenfurt,+43 667 6708707
Mia,Schneider,Lindenstrasse 75,8010,Graz,+43 656 5103395
Paul,Schneider,Hauptstrasse 35,1010,Wien,+43 655 8216878
Max,Wagner,Ringstrasse 187,9500,Villach,+43 668 9337516
Felix,Wagner,Hauptstrasse 4,9020,Klagenfurt,+43 658 6214081
Max,Fischer,Hauptstrasse 198,4600,Wels,+43 652 5047673
Lukas,Hoffmann,Bergstrasse 25,6850,Dornbirn,+43 663 2854681
Felix,Weber,Schulstrasse 68,6020,Innsbruck,+43 667 9901194
Mia,Mueller,Dorfstrasse 96,4020,Linz,+43 656 1521662
Anna,Becker,Lindenstrasse 177,6020,Innsbruck,+43 666 1164276
Anna,Schmidt,Lindenstrasse 192,8010,Graz,+43 652 9239842
Jonas,Wagner,Lindenstrasse 111,1010,Wien,+43 659 3815231
Emma,Schulz,Bergstrasse 39,5020,Salzburg,+43 651 2046309
Paul,Schneider,Hauptstrasse 73,4020,Linz,+43 659 7120889
Sophia,Wagner,Hauptstrasse 83,9020,Klagenfurt,+43 653 3170405
Sophia,Mueller,Dorfstrasse 101,6850,Dornbirn,+43 667 4541167
Emma,Wagner,Schulstrasse 168,9500,Villach,+43 655 8089571
Sophia,Becker,Lindenstrasse 74,4600,Wels,+43 652 5569136
Felix,Wagner,Hauptstrasse 44,6850,Dornbirn,+43 651 1064275
Emma,Meyer,Hauptstrasse 48,4600,Wels,+43 669 4150328
Anna,Mueller,Bergstrasse 174,6850,Dornbirn,+43 655 7973336
Paul,Weber,Lindenstrasse 151,1010,Wien,+43 658 4407557
Felix,Wagner,Hauptstrasse 144,1010,Wien,+43 665 4501641
Paul,Weber,Lindenstrasse 47,5020,Salzburg,+43 651 9567831
Mia,Wagner,Dorfstrasse 25,3100,St. Poelten,+43 665 4522679
Sophia,Fischer,Ringstrasse 4,6850,Dornbirn,+43 664 9014409
Jonas,Meyer,Gartenstrasse 20,6850,Dornbirn,+43 661 3670617
Felix,Wagner,Ringstrasse 17,6850,Dornbirn,+43 667 8351120
Jonas,Wagner,Ringstrasse 131,9500,Villach,+43 657 4819916
Jonas,Meyer,Bergstrasse 168,6850,Dornbirn,+43 656 2887541
Emma,Wagner,Bahnhofstrasse 175,6850,Dornbirn,+43 655 9812152
Mia,Hoffmann,Gartenstrasse 14,1010,Wien,+43 653 9312239
Laura,Fischer,Hauptstrasse 196,4020,Linz,+43 656 2584987
Paul,Wagner,Dorfstrasse 75,4600,Wels,+43 663 8911772
Sophia,Hoffmann,Schulstrasse 115,5020,Salzburg,+43 658 8349804
Mia,Weber,Hauptstrasse 106,4020,Linz,+43 656 5452194
Mia,Schmidt,Bahnhofstrasse 163,4020,Linz,+43 657 9542843
Mia,Fischer,Schulstrasse 13,3100,St. Poelten,+43 669 8035180
Max,Schneider,Gartenstrasse 198,1010,Wien,+43 651 2888977
Mia,Wagner,Schulstrasse 160,1010,Wien,+43 653 5730340
Lukas,Meyer,Bergstrasse 94,6020,Innsbruck,+43 653 7853486
Felix,Hoffmann,Dorfstrasse 122,8010,Graz,+43 663 1031798
Max,Weber,Gartenstrasse 176,4600,Wels,+43 658 7718446
Mia,Schmidt,Ringstrasse 136,9020,Klagenfurt,+43 650 2772388
Laura,Meyer,Bahnhofstrasse 13,5020,Salzburg,+43 653 4092324
Paul,Schmidt,Bahnhofstrasse 28,6850,Dornbirn,+43 656 9981533
Mia,Fischer,Hauptstrasse 140,9500,Villach,+43 667 1887994
Max,Schmidt,Lindenstrasse 138,6850,Dornbirn,+43 657 9543216
Laura,Meyer,Bergstrasse 165,6020,Innsbruck,+43 655 7581321
Felix,Meyer,Lindenstrasse 188,6850,Dornbirn,+43 652 5873963
Felix,Schulz,Lindenstrasse 167,9500,Villach,+43 656 1543873
Sophia,Becker,Schulstrasse 47,3100,St. Poelten,+43 659 7527904
Emma,Wagner,Dorfstrasse 90,4020,Linz,+43 660 8711687
Emma,Fischer,Hauptstrasse 7,9500,Villach,+43 655 1029881
Sophia,Fischer,Schulstrasse 164,4600,Wels,+43 657 1928567
Lukas,Hoffmann,Gartenstrasse 29,6020,Innsbruck,+43 657 1037138
Max,Schmidt,Ringstrasse 95,4020,Linz,+43 657 4848009
Paul,Hoffmann,Hauptstrasse 81,5020,Salzburg,+43 663 8968067
Paul,Fischer,Bahnhofstrasse 172,4600,Wels,+43 656 7724290
Sophia,Schulz,Bergstrasse 24,6850,Dornbirn,+43 665 9614048
Max,Fischer,Lindenstrasse 159,4020,Linz,+43 669 3970616
Emma,Meyer,Bahnhofstrasse 200,9500,Villach,+43 650 7713215
Laura,Becker,Ringstrasse 60,6020,Innsbruck,+43 662 1015639
Anna,Schneider,Ringstrasse 128,1010,Wien,+43 664 5295496
Lukas,Becker,Hauptstrasse 164,1010,Wien,+43 652 7794846
Emma,Mueller,Schulstrasse 126,4600,Wels,+43 662 2773125
Sophia,Mueller,Gartenstrasse 168,6020,Innsbruck,+43 664 2698280
Felix,Becker,Hauptstrasse 113,6850,Dornbirn,+43 656 4086368
Mia,Weber,Ringstrasse 29,9500,Villach,+43 665 3934475
Paul,Meyer,Lindenstrasse 76,9020,Klagenfurt,+43 668 9335836
Emma,Weber,Lindenstrasse 14,6020,Innsbruck,+43 662 2751488
Laura,Weber,Gartenstrasse 173,9500,Villach,+43 668 2422400
Felix,Schmidt,Dorfstrasse 133,3100,St. Poelten,+43 650 7751006
Laura,Fischer,Gartenstrasse 115,9500,Villach,+43 658 7350156
Laura,Meyer,Gartenstrasse 158,4020,Linz,+43 657 9581263
Sophia,Schulz,Lindenstrasse 18,5020,Salzburg,+43 655 4733584
Felix,Wagner,Gartenstrasse 113,6850,Dornbirn,+43 661 7217097
Emma,Mueller,Schulstrasse 200,6850,Dornbirn,+43 665 5968507
Sophia,Meyer,Bergstrasse 46,3100,St. Poelten,+43 658 8255853
Anna,Schulz,Hauptstrasse 142,4600,Wels,+43 665 2882063
Lukas,Wagner,Bahnhofstrasse 181,1010,Wien,+43 650 6047319
Sophia,Weber,Ringstrasse 186,4600,Wels,+43 654 8237284
Laura,Hoffmann,Hauptstrasse 87,9500,Villach,+43 653 5626457
Sophia,Wagner,Bergstrasse 132,5020,Salzburg,+43 665 8435634
Anna,Schmidt,Gartenstrasse 133,4020,Linz,+43 665 2866094
